{
  "IcoMoonType": "selection",
  "icons": [
    {
      "icon": {
        "paths": [
          "M853.333 233.7l-63.033-63.033-249.856 249.856-249.856-249.856-63.033 63.033 249.856 249.856-249.856 249.856 63.033 63.033 249.856-249.856 249.856 249.856 63.033-63.033-249.856-249.856 249.856-249.856z"
        ],
        "attrs": [
          {}
        ],
        "isMulticolor": false,
        "isMulticolor2": false,
        "grid": 0,
        "tags": [
          "close"
        ],
        "colorPermutations": {
          "2552552551331502431": [
            {}
          ]
        }
      },
      "attrs": [
        {}
      ],
      "properties": {
        "order": 39,
        "id": 5,
        "name": "close",
        "prevSize": 32
      },
      "setIdx": 0,
      "setId": 4,
      "iconIdx": 0
    },
    {
      "icon": {
        "paths": [
          "M853.333 170.667h-682.667c-46.933 0-84.878 38.4-84.878 85.333l-0.455 512c0 46.933 38.4 85.333 85.333 85.333h682.667c46.933 0 85.333-38.4 85.333-85.333v-512c0-46.933-38.4-85.333-85.333-85.333zM836.267 352.028l-301.625 188.53c-6.44 4.025-14.262 6.413-22.642 6.413s-16.202-2.387-22.824-6.518l0.182 0.106-301.625-188.53c-10.74-6.421-17.82-17.988-17.82-31.209 0-20.014 16.224-36.238 36.238-36.238 7.441 0 14.359 2.243 20.114 6.090l-0.132-0.083 285.867 178.745 285.867-178.802c5.623-3.764 12.541-6.007 19.982-6.007 20.014 0 36.238 16.224 36.238 36.238 0 13.221-7.080 24.788-17.655 31.117l-0.165 0.092z"
        ],
        "attrs": [
          {}
        ],
        "isMulticolor": false,
        "isMulticolor2": false,
        "grid": 0,
        "tags": [
          "email"
        ],
        "colorPermutations": {
          "2552552551331502431": [
            {}
          ]
        }
      },
      "attrs": [
        {}
      ],
      "properties": {
        "order": 40,
        "id": 4,
        "name": "email",
        "prevSize": 32
      },
      "setIdx": 0,
      "setId": 4,
      "iconIdx": 1
    },
    {
      "icon": {
        "paths": [
          "M904.384 138.688v746.624h-791.36v-746.624h791.36zM904.384 32h-791.36c-62.144 0-113.024 48-113.024 106.688v746.624c0 58.688 50.88 106.688 113.024 106.688h791.36c62.208 0 113.088-48 113.088-106.688v-746.624c0-58.688-50.88-106.688-113.152-106.688z"
        ],
        "attrs": [
          {}
        ],
        "isMulticolor": false,
        "isMulticolor2": false,
        "grid": 0,
        "tags": [
          "frame"
        ],
        "colorPermutations": {
          "2552552551331502431": [
            {}
          ]
        }
      },
      "attrs": [
        {}
      ],
      "properties": {
        "order": 41,
        "id": 3,
        "name": "frame",
        "prevSize": 32
      },
      "setIdx": 0,
      "setId": 4,
      "iconIdx": 2
    },
    {
      "icon": {
        "paths": [
          "M243.81 0h536.381c53.861 0 97.524 43.663 97.524 97.524v536.381c0 53.861-43.663 97.524-97.524 97.524h-536.381c-53.861 0-97.524-43.663-97.524-97.524v-536.381c0-53.861 43.663-97.524 97.524-97.524z",
          "M414.281 502.833l-127.171-121.32-43.301 41.009 170.472 162.621 365.909-349.086-43.008-41.009-322.901 307.785z"
        ],
        "attrs": [
          {
            "fill": "rgb(33, 150, 243)"
          },
          {
            "fill": "rgb(255, 255, 255)"
          }
        ],
        "isMulticolor": true,
        "isMulticolor2": false,
        "grid": 0,
        "tags": [
          "icon"
        ],
        "colorPermutations": {
          "2552552551331502431": [
            {
              "f": 0
            },
            {
              "f": 1
            }
          ]
        }
      },
      "attrs": [
        {
          "fill": "rgb(33, 150, 243)"
        },
        {
          "fill": "rgb(255, 255, 255)"
        }
      ],
      "properties": {
        "order": 42,
        "id": 2,
        "name": "icon",
        "prevSize": 32
      },
      "setIdx": 0,
      "setId": 4,
      "iconIdx": 3
    },
    {
      "icon": {
        "paths": [
          "M512 512c94.257 0 170.667-76.41 170.667-170.667s-76.41-170.667-170.667-170.667v0c-94.257 0-170.667 76.41-170.667 170.667s76.41 170.667 170.667 170.667v0zM512 597.333c-113.948 0-341.333 57.173-341.333 170.667v42.667c0 23.438 19.172 42.667 42.667 42.667h597.333c23.438 0 42.667-19.228 42.667-42.667v-42.667c0-113.493-227.442-170.667-341.333-170.667z"
        ],
        "attrs": [
          {}
        ],
        "isMulticolor": false,
        "isMulticolor2": false,
        "grid": 0,
        "tags": [
          "person"
        ],
        "colorPermutations": {
          "2552552551331502431": [
            {}
          ]
        }
      },
      "attrs": [
        {}
      ],
      "properties": {
        "order": 43,
        "id": 1,
        "name": "person",
        "prevSize": 32
      },
      "setIdx": 0,
      "setId": 4,
      "iconIdx": 4
    },
    {
      "icon": {
        "paths": [
          "M796.217 632.775l-104.562-11.947c-2.88-0.359-6.212-0.564-9.593-0.564-22.626 0-43.109 9.172-57.934 24.002l-75.719 75.776c-117.415-60.602-210.724-153.929-269.677-267.904l-1.626-3.456 76.174-76.060c14.829-14.825 24.002-35.309 24.002-57.934 0-3.381-0.205-6.713-0.603-9.987l0.039 0.394-11.947-103.765c-4.951-41.196-39.692-72.818-81.819-72.818-0.036 0-0.071 0-0.107 0l-71.219-0c-46.535 0-85.22 38.684-82.375 85.22 21.845 351.573 303.047 632.32 654.222 654.165 46.478 2.844 85.22-35.84 85.22-82.375v-71.225c0.001-0.117 0.001-0.256 0.001-0.395 0-41.848-31.51-76.336-72.098-81.034l-0.379-0.036z"
        ],
        "attrs": [
          {}
        ],
        "isMulticolor": false,
        "isMulticolor2": false,
        "grid": 0,
        "tags": [
          "phone"
        ],
        "colorPermutations": {
          "2552552551331502431": [
            {}
          ]
        }
      },
      "attrs": [
        {}
      ],
      "properties": {
        "order": 38,
        "id": 0,
        "name": "phone",
        "prevSize": 32
      },
      "setIdx": 0,
      "setId": 4,
      "iconIdx": 5
    }
  ],
  "height": 1024,
  "preferences": {
    "showGlyphs": true,
    "showQuickUse": true,
    "showQuickUse2": true,
    "showSVGs": true,
    "fontPref": {
      "prefix": "icon-",
      "metadata": {
        "fontFamily": "icomoon"
      },
      "metrics": {
        "emSize": 1024,
        "baseline": 6.25,
        "whitespace": 50
      },
      "embed": false
    },
    "imagePref": {
      "prefix": "",
      "png": true,
      "useClassSelector": true,
      "color": 0,
      "bgColor": 16777215,
      "classSelector": ".icon",
      "name": "icomoon",
      "height": 32,
      "columns": 16,
      "margin": 16,
      "addTitleTags": true
    },
    "historySize": 50,
    "showCodes": true,
    "gridSize": 16
  }
}